{"cameraMode":{"drawMode":0,"name":"Shaded","section":"Shading Mode"},"sceneLighting":false,"audioPlay":false,"sceneViewState":{"m_AlwaysRefresh":false,"showFog":true,"showSkybox":false,"showFlares":true,"showImageEffects":true,"showParticleSystems":true,"showVisualEffectGraphs":true,"m_FxEnabled":true},"in2DMode":false,"pivot":{"x":-0.3931095004081726,"y":-1.0947422981262208,"z":5.470719814300537},"rotation":{"x":0.3268009424209595,"y":0.04882875084877014,"z":-0.016749685630202295,"w":0.9438742399215698},"size":3.997307062149048,"orthographic":false}