{"cameraMode":{"drawMode":0,"name":"Shaded","section":"Shading Mode"},"sceneLighting":true,"audioPlay":false,"sceneViewState":{"m_AlwaysRefresh":false,"showFog":true,"showSkybox":true,"showFlares":true,"showImageEffects":true,"showParticleSystems":true,"showVisualEffectGraphs":true,"m_FxEnabled":true},"in2DMode":false,"pivot":{"x":0.12105567008256912,"y":0.055377162992954257,"z":5.130884170532227},"rotation":{"x":-0.15716828405857087,"y":0.004709823057055473,"z":-0.0009383400902152062,"w":-0.9876812100410461},"size":4.391688823699951,"orthographic":false}