{"cameraMode":{"drawMode":0,"name":"Shaded","section":"Shading Mode"},"sceneLighting":true,"audioPlay":false,"sceneViewState":{"m_AlwaysRefresh":false,"showFog":true,"showSkybox":true,"showFlares":true,"showImageEffects":true,"showParticleSystems":true,"showVisualEffectGraphs":true,"m_FxEnabled":true},"in2DMode":false,"pivot":{"x":-1.6119821071624756,"y":3.033491611480713,"z":-2.389643669128418},"rotation":{"x":0.18955163657665254,"y":0.21282245218753816,"z":-0.04185669496655464,"w":0.9578837752342224},"size":0.23211663961410523,"orthographic":false}