{"cameraMode":{"drawMode":0,"name":"Shaded","section":"Shading Mode"},"sceneLighting":true,"audioPlay":false,"sceneViewState":{"m_AlwaysRefresh":false,"showFog":true,"showSkybox":true,"showFlares":true,"showImageEffects":true,"showParticleSystems":true,"showVisualEffectGraphs":true,"m_FxEnabled":true},"in2DMode":false,"pivot":{"x":0.5569265484809876,"y":0.8794757723808289,"z":-0.5120575428009033},"rotation":{"x":0.08580164611339569,"y":0.8978039026260376,"z":-0.19998961687088014,"w":0.3836277425289154},"size":1.4090540409088135,"orthographic":false}