{"cameraMode":{"drawMode":0,"name":"Shaded","section":"Shading Mode"},"sceneLighting":false,"audioPlay":false,"sceneViewState":{"m_AlwaysRefresh":false,"showFog":true,"showSkybox":true,"showFlares":true,"showImageEffects":true,"showParticleSystems":true,"showVisualEffectGraphs":true,"m_FxEnabled":true},"in2DMode":false,"pivot":{"x":-1.7432646751403809,"y":0.2020476907491684,"z":0.016423312947154046},"rotation":{"x":-0.04225759953260422,"y":0.7204594016075134,"z":0.04133595526218414,"w":0.6915752291679382},"size":0.08660253882408142,"orthographic":false}