{"cameraMode":{"drawMode":0,"name":"Shaded","section":"Shading Mode"},"sceneLighting":false,"audioPlay":false,"sceneViewState":{"m_AlwaysRefresh":false,"showFog":true,"showSkybox":false,"showFlares":true,"showImageEffects":true,"showParticleSystems":true,"showVisualEffectGraphs":true,"m_FxEnabled":true},"in2DMode":false,"pivot":{"x":0.19291511178016663,"y":0.0752682089805603,"z":-0.01032567024230957},"rotation":{"x":0.09266975522041321,"y":-0.8348716497421265,"z":0.14836180210113526,"w":0.5221705436706543},"size":0.17320507764816285,"orthographic":false}